epoch,time,train/box_loss,train/cls_loss,train/dfl_loss,metrics/precision(B),metrics/recall(B),metrics/mAP50(B),metrics/mAP50-95(B),val/box_loss,val/cls_loss,val/dfl_loss,lr/pg0,lr/pg1,lr/pg2
1,20.8116,1.35312,5.47104,0.94561,0.79001,0.05558,0.05174,0.03681,1.23796,3.355,0.87684,5.92938e-05,5.92938e-05,5.92938e-05
2,41.0876,1.30627,3.91822,0.88803,0.53736,0.14628,0.13203,0.09291,1.13023,2.3749,0.86392,9.54063e-05,9.54063e-05,9.54063e-05
3,61.5249,1.21436,3.12994,0.87613,0.69053,0.21587,0.23368,0.16446,1.06853,1.87232,0.85928,0.000107891,0.000107891,0.000107891
4,79.9674,1.13333,2.59227,0.86448,0.68348,0.28321,0.29798,0.21209,1.00704,1.61475,0.8555,7.2674e-05,7.2674e-05,7.2674e-05
5,98.2456,1.09252,2.35039,0.86403,0.67037,0.2963,0.33228,0.23932,0.97346,1.47022,0.84726,3.7232e-05,3.7232e-05,3.7232e-05
